{"source": "/tmp/cm-logo.svg", "target_w_mm": 10.0, "size_mm": [10.0, 7.6575751194444965], "polys": [[[-0.3459993272273293, 3.4833215279050234], [0.33582569171149534, 3.4833215279050234], [0.33582569171149534, 2.4469781294184885], [-0.3459993272273293, 2.4469781294184885], [-0.3459993272273293, 3.4833215279050234], [-0.3459993272273293, 3.4833215279050234]], [[-2.221202731566439, -3.477898323811503], [-2.820449007386825, -3.8287875597222483], [-5.0, 0.0], [-2.8448575280800545, 3.78587779057079], [-2.2456249265009527, 3.435024107687384], [-4.201046899912758, 0.0], [-2.221202731566439, -3.477898323811503], [-2.221202731566439, -3.477898323811503]], [[2.82046268162811, -3.828772432428736], [2.2212574285315774, -3.4778819147219613], [4.201014081733675, 0.0], [2.2212574285315774, 3.477933876838843], [2.82046268162811, 3.8287875597222483], [5.0, 0.0], [2.82046268162811, -3.828772432428736], [2.82046268162811, -3.828772432428736]], [[0.3358803886766341, -3.425758441792857], [-0.3459446302621896, -3.425758441792857], [-0.3459446302621896, -2.3893931645202664], [0.3358803886766341, -2.3893931645202664], [0.3358803886766341, -3.425758441792857], [0.3358803886766341, -3.425758441792857]], [[-2.3378002521530092, -0.3166680796715993], [-3.360526841168218, -0.3166680796715993], [-3.360526841168218, 0.3742366354802802], [-2.3378002521530092, 0.3742366354802802], [-2.3378002521530092, -0.3166680796715993], [-2.3378002521530092, -0.3166680796715993]], [[0.4293028051338569, -0.3742366354802802], [-0.4292481081687181, -0.3742366354802802], [-0.8639795870926101, -0.3742366354802802], [-0.9659073816289303, -0.3742366354802802], [-0.9659073816289303, -0.02877060366305574], [-0.9659073816289303, 0.3166680796715993], [-0.8639795870926101, 0.3166680796715993], [-0.4292481081687181, 0.3166680796715993], [0.4293028051338569, 0.3166680796715993], [0.864034284057749, 0.3166680796715993], [0.9659073816289299, 0.3166680796715993], [0.9659073816289299, -0.02877060366305574], [0.9659073816289299, -0.3742366354802802], [0.864034284057749, -0.3742366354802802], [0.4293028051338569, -0.3742366354802802], [0.4293028051338569, -0.3742366354802802]], [[2.3698417343313705, 0.3742366354802802], [3.392565588498322, 0.3742366354802802], [3.392565588498322, -0.3166680796715993], [2.3698417343313705, -0.3166680796715993], [2.3698417343313705, 0.3742366354802802], [2.3698417343313705, 0.3742366354802802]], [[1.363636363636363, 0.02879795214562512], [1.359115898766856, -0.0845330096184621], [1.345788470426719, -0.1953409836155242], [1.3240050280185198, -0.3032703356479271], [1.2941165209448375, -0.4079654315180314], [1.256473898608236, -0.5090706370282048], [1.2114281104112916, -0.606230317980808], [1.1593301057565817, -0.6990888401782024], [1.1005308340466706, -0.7872905694227558], [1.0353812446841388, -0.8704798715168284], [0.9642322870715512, -0.9483011122627859], [0.8874349106114846, -1.0203986574629904], [0.8053400647065089, -1.086416872919806], [0.7182986987591992, -1.146000124435596], [0.6266617621721242, -1.1987927778127232], [0.5307802043478613, -1.2444391988535515], [0.43100497468897997, -1.282583753360445], [0.32768702259805155, -1.3128708071357655], [0.22117729747764964, -1.3349447259818785], [0.11182674873034656, -1.3484498757011465], [-1.3674241285176253e-05, -1.3530306220959327], [-0.11185019663559077, -1.3484498757011465], [-0.22119723452144255, -1.3349447259818785], [-0.3277038179849093, -1.312870807135766], [-0.431018977112053, -1.2825837533604443], [-0.5307917419889463, -1.2444391988535515], [-0.6266711427016478, -1.1987927778127232], [-0.7183062093362249, -1.146000124435596], [-0.8053459719787454, -1.0864168729198056], [-0.8874394607152716, -1.02039865746299], [-0.9642357056318729, -0.9483011122627859], [-1.0353837368146128, -0.8704798715168288], [-1.100532584349557, -0.7872905694227558], [-1.1593312783227727, -0.6990888401782028], [-1.2114288488203233, -0.606230317980807], [-1.256474325928276, -0.5090706370282048], [-1.2941167397326958, -0.4079654315180319], [-1.3240051203196488, -0.30327033564792666], [-1.3457884977752008, -0.1953409836155242], [-1.3591159021854171, -0.08453300961846161], [-1.3636363636363635, 0.02879795214562512], [-1.3591159021854176, 0.1421250728153339], [-1.3457884977752004, 0.2529297061952516], [-1.3240051203196492, 0.36085618526956], [-1.294116739732695, 0.465548843022446], [-1.256474325928276, 0.5666520124380898], [-1.2114288488203238, 0.6638100265006794], [-1.1593312783227716, 0.756667218194399], [-1.1005325843495575, 0.84486792050343], [-1.035383736814612, 0.928056466411962], [-0.9642357056318734, 1.0058771889041738], [-0.887439460715272, 1.0779744209642537], [-0.8053459719787444, 1.1439924955763836], [-0.7183062093362254, 1.2035757457247478], [-0.6266711427016478, 1.256368504393534], [-0.5307917419889463, 1.3020151045669237], [-0.43101897711205495, 1.3401598792291016], [-0.3277038179849093, 1.3704471613642522], [-0.22119723452144255, 1.3925212839565602], [-0.1118501966355898, 1.406026579990209], [-1.3674241285176253e-05, 1.410607382449385], [-1.3674241285176253e-05, 2.1015120976012645], [-0.16777040812140664, 2.0946410887704396], [-0.33179272038090996, 2.0743836882710567], [-0.49155416640457766, 2.041273335092751], [-0.646528301577186, 1.995843468225167], [-0.7961886812835196, 1.9386275266579323], [-0.9400088609083536, 1.8701589493806923], [-1.0774623958364675, 1.7909711753830828], [-1.2080228414526428, 1.701597643654741], [-1.331163753141657, 1.6025717931853063], [-1.4463586862882911, 1.4944270629644116], [-1.5530811962773248, 1.3776968919816979], [-1.650804838493536, 1.2529147192268035], [-1.739003168321706, 1.1206139836893645], [-1.8171497411466129, 0.9813281243590197], [-1.8847181123530359, 0.8355905802254067], [-1.9411818373257557, 0.6839347902781612], [-1.9860144714495511, 0.5268941935069235], [-2.0186895701092022, 0.3650022289013292], [-2.038680688689488, 0.19879233545101738], [-2.045461382575188, 0.02879795214562512], [-2.0386806886894884, -0.14119955162162853], [-2.018689570109202, -0.30741225376109943], [-1.9860144714495522, -0.4693067316922424], [-1.9411818373257552, -0.6263495628345048], [-1.8847181123530359, -0.7780073246073439], [-1.8171497411466133, -0.9237465944302086], [-1.7390031683217055, -1.0630339497225496], [-1.6508048384935365, -1.195335967903821], [-1.5530811962773239, -1.320119226393473], [-1.4463586862882911, -1.4368503026109591], [-1.331163753141657, -1.5449957739757307], [-1.208022841452642, -1.644022217907239], [-1.0774623958364675, -1.7333962118249366], [-0.9400088609083536, -1.8125843331482752], [-0.796188681283519, -1.8810531592967061], [-0.646528301577187, -1.9382692676896822], [-0.49155416640457766, -1.9836992357466545], [-0.33179272038090996, -2.0168096408870753], [-0.16777040812140567, -2.037067060530396], [-1.3674241285176253e-05, -2.0439380720960694], [0.16774325791533384, -2.0370670605303967], [0.3317661376558527, -2.0168096408870753], [0.4915284793423229, -1.9836992357466547], [0.6465037973368065, -1.9382692676896813], [0.7961656060013501, -1.8810531592967061], [0.9399874196980168, -1.8125843331482756], [1.077442752788862, -1.7333962118249366], [1.2080051196359358, -1.6440222179072395], [1.3311480346013007, -1.5449957739757307], [1.446345012047007, -1.4368503026109591], [1.5530695663351117, -1.3201192263934733], [1.6507952118276727, -1.195335967903821], [1.738995462886741, -1.0630339497225496], [1.8171438338743757, -0.9237465944302086], [1.8847138391526344, -0.7780073246073439], [1.9411789930835692, -0.6263495628345058], [1.9860128100292356, -0.4693067316922419], [2.0186888043516906, -0.30741225376109993], [2.03868049041299, -0.14119955162162853], [2.045461382575188, 0.02879795214562512], [2.0386804904129883, 0.1987923354510164], [2.0186888043516906, 0.3650022289013292], [1.9860128100292347, 0.5268941935069226], [1.9411789930835712, 0.6839347902781632], [1.8847138391526355, 0.8355905802254057], [1.8171438338743757, 0.9813281243590197], [1.738995462886741, 1.1206139836893645], [1.6507952118276707, 